{
  "window_days": 366,
  "n_arrivals": 5333,
  "n_merged": 4564,
  "n_abandoned": 769,
  "arrival_rate_per_day": 14.57103825136612,
  "abandonment_probability": 0.14419651228201763,
  "threshold": 10.0,
  "active_reviewers_c": 13,
  "active_reviewer_accounts": [
    "jreback",
    "simonjayhawkins",
    "WillAyd",
    "jorisvandenbossche",
    "TomAugspurger",
    "mroeschke",
    "jbrockmendel",
    "MarcoGorelli",
    "datapythonista",
    "dsaxton",
    "gfyoung",
    "topper-123",
    "charlesdong1991"
  ],
  "time_in_system": {
    "mean": 7.347550333528095,
    "median": 0.9983912037037037,
    "p25": 0.20955439814814808,
    "p75": 3.8982667824074073,
    "std": 28.084309794681815,
    "min": 0.0001388888888888,
    "max": 642.7729513888889
  }
}